Rank,Top 100 global
1,ChatGPT (OpenAI)
2,Google Gemini
3,Canva AI
4,Claude (Anthropic)
5,DeepSeek
6,Grok (xAI)
7,Perplexity AI
8,Microsoft Copilot
9,DeepL
10,Character.ai
11,Midjourney
12,GitHub Copilot
13,Suno
14,QuillBot
15,Grammarly AI
16,Cursor
17,ElevenLabs
18,NotebookLM
19,Runway
20,Hugging Face
21,Kimi (Moonshot AI)
22,CapCut AI
23,Gamma
24,Leonardo.ai
25,Replit / Replit Agent
26,DALL-E 3
27,Notion AI
28,Jasper
29,Zapier Central/AI
30,HeyGen
31,Poe (Quora)
32,Descript
33,Lovable
34,OpusClip
35,InVideo AI
36,Synthesia
37,Stable Diffusion (Stability AI)
38,Otter.ai
39,Murf AI
40,Copy.ai
41,Fathom
42,Luma Dream Machine
43,Veed.io
44,Ideogram
45,Adobe Firefly
46,Udio
47,Consensus
48,Photoroom
49,Kling AI
50,Windsurf (Codeium)
51,Claude Code
52,n8n
53,Remove.bg
54,Beautiful.ai
55,Vercel v0
56,Pixlr AI
57,Janitor AI
58,Speechify
59,Pika Labs
60,Wordtune
61,Blackbox AI
62,Semrush AI
63,Liner
64,WriteSonic
65,Tome
66,Miro Assist
67,ChatPDF
68,Cutout.pro
69,Salesforce Einstein
70,Anyword
71,Fliki
72,Surfer SEO
73,HubSpot AI
74,Pi (Inflection)
75,Krisp
76,Vidnoz
77,Syllaby.io
78,Glean
79,Claude Enterprise
80,Looka
81,Frase.io
82,Fireflies.ai
83,AIVA
84,Zoom AI Companion
85,PlayHT
86,Asana AI
87,Clearscope
88,Winston AI
89,Shopify Magic
90,Crayon
91,Zendesk AI
92,Brandwatch AI
93,Magnific AI
94,Mem
95,Harvey
96,Codeium
97,Spline AI
98,Eightify
99,Vadu AI
100,Lovo.ai